{
    "skilllist": [
        {
            "id": 1,
            "name": "圣杯的庇护",
            "introduce": "效果不明的技能",
            "maximum_combat_strength": 35,
            "minimum_combat_strength": 30
        },
        {
            "id": 2,
            "name": "如来神掌",
            "introduce": "一招从天而降的掌法",
            "maximum_combat_strength": 30,
            "minimum_combat_strength": 25
        },
        {
            "id": 3,
            "name": "飞镖攻击",
            "introduce": "忍者常用的攻击招式",
            "maximum_combat_strength": 25,
            "minimum_combat_strength": 15
        },
        {
            "id": 4,
            "name": "火球术",
            "introduce": "魔法师的入门技能",
            "maximum_combat_strength": 20,
            "minimum_combat_strength": 15
        },
        {
            "id": 5,
            "name": "超级砸地",
            "introduce": "乌贼的大招",
            "maximum_combat_strength": 22,
            "minimum_combat_strength": 17
        },
        {
            "id": 6,
            "name": "钻石星辰拳",
            "introduce": "失传已久的拳法",
            "maximum_combat_strength": 15,
            "minimum_combat_strength": 5
        },
        {
            "id": 7,
            "name": "给你Peach",
            "introduce": "桃子一次性吃到饱",
            "maximum_combat_strength": 30,
            "minimum_combat_strength": 5
        },
        {
            "id": 8,
            "name": "蜜汁晓汉堡",
            "introduce": "臭豆俘虏加柠檬，你看这汉堡儿做滴行不行",
            "maximum_combat_strength": 35,
            "minimum_combat_strength": 10
        },
        {
            "id": 9,
            "name": "奥利给",
            "introduce": "我们遇到什么困难都不要怕，干就完了",
            "maximum_combat_strength": 35,
            "minimum_combat_strength": 10
        },
        {
            "id": 10,
            "name": "EX咖喱棒",
            "introduce": "誓约胜利之剑，最大最强的宝具",
            "maximum_combat_strength": 40,
            "minimum_combat_strength": 35
        },
        {
            "id": 11,
            "name": "还我漂漂拳",
            "introduce": "年轻人你渴望力量吗",
            "maximum_combat_strength": 40,
            "minimum_combat_strength": 10,
            "special": true
        }
    ]
}