{
    "copywriting": [
        {
            "good-luck": 10,
            "content": "曾经的努力和经验会成为他人眼中魅力的样子"
        },
        {
            "good-luck": 24,
            "content": "财运顺畅，临时收入也可期待"
        },
        {
            "good-luck": 9,
            "content": "越出远门越能提高幸运值的日子"
        },
        {
            "good-luck": 9,
            "content": "善解人意的一天，道出鼓励的话语吧"
        },
        {
            "good-luck": 9,
            "content": "寄全身于好奇心，世界将更加宽阔"
        },
        {
            "good-luck": 8,
            "content": "今天听到的甜蜜言语不信为○"
        },
        {
            "good-luck": 8,
            "content": "拥有独处的时间会使内心满足"
        },
        {
            "good-luck": 8,
            "content": "能够通过新的体验深造自己的一天"
        },
        {
            "good-luck": 7,
            "content": "与人接触可丰富内心，亲切待人是幸运之钥"
        },
        {
            "good-luck": 7,
            "content": "越是凭直觉大胆行动越能加速进展的日子"
        },
        {
            "good-luck": 7,
            "content": "可能会从亲近的亲戚那里得知条件不错的事！？"
        },
        {
            "good-luck": 6,
            "content": "匀出自由的时间，便能充实地度过"
        },
        {
            "good-luck": 20,
            "content": "万事顺利的一天 麻利工作即是吉"
        },
        {
            "good-luck": 21,
            "content": "变得更加坚强，女性朋友是幸运的关鍵"
        },
        {
            "good-luck": 9,
            "content": "看东西的眼光很准的一天 SALE也◎"
        },
        {
            "good-luck": 9,
            "content": "原本的魅力闪耀的一天 珍惜喜欢的事物"
        },
        {
            "good-luck": 9,
            "content": "去获取时效性高的情报吧！"
        },
        {
            "good-luck": 8,
            "content": "对手上的锅也能感觉到有意义"
        },
        {
            "good-luck": 8,
            "content": "求知欲比平时更高！"
        },
        {
            "good-luck": -7,
            "content": "做惯了的工作会发生低级错误！？"
        },
        {
            "good-luck": 7,
            "content": "和亲近之人心灵相通 传达感激之情吧"
        },
        {
            "good-luck": 7,
            "content": "同情心加深的一天 坦率道出温柔话语吧"
        },
        {
            "good-luck": 7,
            "content": "可以期待心跳的一天 慢慢进展便可"
        },
        {
            "good-luck": -8,
            "content": "自我主张要适可而止，步调保持一致"
        },
        {
            "good-luck": 10,
            "content": "有意义的工作，将会是成长的关键"
        },
        {
            "good-luck": 21,
            "content": "被异性喜爱的一天 相信自己的魅力"
        },
        {
            "good-luck": 23,
            "content": "即使想法被驳回也不要气馁！"
        },
        {
            "good-luck": 21,
            "content": "会有重要的邂逅，或许能发展为长期交往"
        },
        {
            "good-luck": 9,
            "content": "为了提高自己技能的自我投资"
        },
        {
            "good-luck": 8,
            "content": "或许能从亲人那里听到好消息"
        },
        {
            "good-luck": 24,
            "content": "钱包里留最低限度的钱就好"
        },
        {
            "good-luck": 25,
            "content": "好像会对学习有兴趣，马上学习吧"
        },
        {
            "good-luck": 7,
            "content": "喜爱的饮料可以帮自己高度集中注意力"
        },
        {
            "good-luck": 7,
            "content": "实用物品只用同种品牌会带来好运"
        },
        {
            "good-luck": 7,
            "content": "感觉能做到的话，请务必坚持下来！"
        },
        {
            "good-luck": -7,
            "content": "不去着急的话，就能一帆风顺的一天"
        },
        {
            "good-luck": 10,
            "content": "被幽默感眷顾的一天，尽情的发言吧！"
        },
        {
            "good-luck": 26,
            "content": "身为领导者，连身边人的幸运都能提高的一天"
        },
        {
            "good-luck": 9,
            "content": "早上日程表的确认能够带来好运"
        },
        {
            "good-luck": 9,
            "content": "被人期待的一天，整理总结的任务应该也能胜任"
        },
        {
            "good-luck": 8,
            "content": "下定决心向人撒娇就能进展顺利的一天"
        },
        {
            "good-luck": 8,
            "content": "拥有判断力，感觉可以买到满意的东西"
        },
        {
            "good-luck": 8,
            "content": "热衷于眼前的事物可以使心情放松"
        },
        {
            "good-luck": 7,
            "content": "不去着急的话就能一帆风顺的一天"
        },
        {
            "good-luck": 7,
            "content": "今天的工作一个人做进展会更顺利"
        },
        {
            "good-luck": 7,
            "content": "听点轻快的音乐就能进展顺利的一天"
        },
        {
            "good-luck": -7,
            "content": "凭借新的体验，得以加深自己的一天"
        },
        {
            "good-luck": 23,
            "content": "事业运顺畅！积极地向周围的人搭话吧"
        },
        {
            "good-luck": 6,
            "content": "在时尚上花钱"
        },
        {
            "good-luck": 9,
            "content": "即使准备工作很困难，也不要放过机会"
        },
        {
            "good-luck": 9,
            "content": "临时收入用来犒劳自己吧"
        },
        {
            "good-luck": 9,
            "content": "今天就尽可能收集情报吧！"
        },
        {
            "good-luck": 8,
            "content": "能接近理想的一天，积极行动吧！"
        },
        {
            "good-luck": 8,
            "content": "是该考虑如何妥善安排的时候！"
        },
        {
            "good-luck": 24,
            "content": "培养眼见也让财运UP吧！"
        },
        {
            "good-luck": 21,
            "content": "爱情方面有进展的机会，表现得坦率一些"
        },
        {
            "good-luck": 7,
            "content": "可能会抽到不错的签！？"
        },
        {
            "good-luck": 7,
            "content": "重在保持自我的日子，兴趣优先"
        },
        {
            "good-luck": -7,
            "content": "有在意的东西的话，便去获取它"
        },
        {
            "good-luck": 10,
            "content": "新的开始，会熠熠生辉的幸运日☆"
        },
        {
            "good-luck": 9,
            "content": "运气和实力会成为对你的期待"
        },
        {
            "good-luck": 9,
            "content": "定好今后的目标，每天都要为之努力"
        },
        {
            "good-luck": 27,
            "content": "人运旺盛！扩展人脉吧"
        },
        {
            "good-luck": 9,
            "content": "知觉敏锐的一天，随好奇心而动"
        },
        {
            "good-luck": 8,
            "content": "能走近他人内心的一天，温柔将会闪耀"
        },
        {
            "good-luck": 8,
            "content": "目前请仅专注于提升实力"
        },
        {
            "good-luck": 8,
            "content": "对教养的关注也可能会提高"
        },
        {
            "good-luck": 7,
            "content": "高难度的工作也能高效推进"
        },
        {
            "good-luck": 7,
            "content": "膳食选择质量优于数量，心情也会随之变好！"
        },
        {
            "good-luck": 6,
            "content": "买东西要慎重，不要吝啬交际费用"
        },
        {
            "good-luck": -7,
            "content": "心情变化剧烈的一天 凭借深呼吸冷静下来"
        },
        {
            "good-luck": 10,
            "content": "在提升技能与教养上花钱的话◎"
        },
        {
            "good-luck": 27,
            "content": "能够拓展人际关系的一天，谨慎地与人交往吧"
        },
        {
            "good-luck": 9,
            "content": "跨越眼下的困境将会得到很好的成长"
        },
        {
            "good-luck": 9,
            "content": "努力的话可以获得与之相应的成果的一天"
        },
        {
            "good-luck": 9,
            "content": "努力完成工作，自然能够磨炼自己的能力"
        },
        {
            "good-luck": 8,
            "content": "今天带最低限度的钱出门吧"
        },
        {
            "good-luck": 8,
            "content": "积蓄至今的努力，将会成为你突破波澜万丈的运气！"
        },
        {
            "good-luck": 6,
            "content": "不要焦急不要慌张，用心细致地完成工作吧！"
        },
        {
            "good-luck": 7,
            "content": "培养与人之间的羁绊，多进行愉快的谈话吧"
        },
        {
            "good-luck": 5,
            "content": "用心做出冷静的判断则吉"
        },
        {
            "good-luck": 7,
            "content": "勒紧钱包的话将会找到更加重要的东西"
        },
        {
            "good-luck": -7,
            "content": "是被人关注的一天，要把和谐关系放在第一位"
        },
        {
            "good-luck": 10,
            "content": "万事顺利的一天！"
        },
        {
            "good-luck": 9,
            "content": "相信自己的能力坚持到最后吧！"
        },
        {
            "good-luck": 9,
            "content": "有可能会被采用意见并且得到称赞哦"
        },
        {
            "good-luck": 9,
            "content": "用团队合作来提升工作质量吧！"
        },
        {
            "good-luck": 9,
            "content": "机遇无处不在，试着扩大一下活动范围吧"
        },
        {
            "good-luck": 6,
            "content": "天上可不会掉馅饼喔"
        },
        {
            "good-luck": 6,
            "content": "钱包少放钱，刷卡也避免"
        },
        {
            "good-luck": 8,
            "content": "或许会产生想要提高知识与修养的念头"
        },
        {
            "good-luck": 7,
            "content": "不拘泥于小节心情才会变得舒畅"
        },
        {
            "good-luck": 7,
            "content": "是时候为了取得资格而开始学习了"
        },
        {
            "good-luck": 21,
            "content": "或许会有爱情方面的收获 能让人心意相通的一天"
        },
        {
            "good-luck": 10,
            "content": "不要忘记谦虚的初心"
        },
        {
            "good-luck": 9,
            "content": "多与他人接触充实内心 亲切待人是好运的关键"
        },
        {
            "good-luck": 26,
            "content": "出乎想象开心的一天，把笑容分享给周围吧"
        },
        {
            "good-luck": 9,
            "content": "或许可以在SNS上领悟到什么人生启发！？"
        },
        {
            "good-luck": 9,
            "content": "是受人所托的一天，最好果断的行动"
        },
        {
            "good-luck": 8,
            "content": "内心冷静的一天，不慌不忙的度过吧"
        },
        {
            "good-luck": 24,
            "content": "文钱不落虚空，财运UP！"
        },
        {
            "good-luck": 23,
            "content": "可能会有机会得到能增长自己见识的副业"
        },
        {
            "good-luck": 7,
            "content": "心跳加速万分期待的日子，对进展要从容不迫"
        },
        {
            "good-luck": 5,
            "content": "珍惜私人时间明天才会更有活力"
        },
        {
            "good-luck": 26,
            "content": "自己和别人被承认的一天，要深深地点头认可"
        },
        {
            "good-luck": -7,
            "content": "既然得到他人劝告就要虚心改正"
        }
    ]
}