{
    "types_of": [
        {
            "good-luck": 10,
            "name": "大吉"
        },
        {
            "good-luck": 9,
            "name": "中吉"
        },
        {
            "good-luck": 8,
            "name": "小吉"
        },
        {
            "good-luck": 7,
            "name": "吉"
        },
        {
            "good-luck": 6,
            "name": "半吉"
        },
        {
            "good-luck": 5,
            "name": "末吉"
        },
        {
            "good-luck": 4,
            "name": "末小吉"
        },
        {
            "good-luck": -6,
            "name": "凶"
        },
        {
            "good-luck": -7,
            "name": "小凶"
        },
        {
            "good-luck": -8,
            "name": "半凶"
        },
        {
            "good-luck": -9,
            "name": "末凶"
        },
        {
            "good-luck": -10,
            "name": "大凶"
        },
        {
            "good-luck": 20,
            "name": "総合運"
        },
        {
            "good-luck": 21,
            "name": "恋愛運"
        },
        {
            "good-luck": 22,
            "name": "結婚運"
        },
        {
            "good-luck": 23,
            "name": "仕事運"
        },
        {
            "good-luck": 24,
            "name": "金運"
        },
        {
            "good-luck": 25,
            "name": "勉強運" 
        },
        {
            "good-luck": 26,
            "name": "全体運"
        },
        {
            "good-luck": 27,
            "name": "関係運"
        }
    ]
}