{
    "maximum_combat_power_bonus_percentage": 0.5,
    "lower_limit_percentage_of_combat_power_bonus": 0.2,
    "dynamic": true,
    "possible_maximum_of_basic_combat_power": 150,
    "possible_minimum_of_basic_combat_power": 100,
    "capture_success_rate_interference_index": 0,
    "decrement_parameter": 1,
    "minimum_reduction_ratio": 20,
    "starting_number_of_people_to_decline": 10,
    "shared_leaderboard_display_cap": 20,
    "maximum_number_of_follower_qualifications": 20,
    "the_maximum_number_of_impressions_on_the_gold_coin_ranking": 20,
    "fighting_leaderboard_display_limit": 20,
    "coronavirus_event_trigger_probability": 60
}