{
    "plotlist": [
        {
            "id": 1,
            "content": "{winner}赢得了比赛，傲然睥睨趴在地下不知死活的{loser}：哼，胆敢挑战我的权威，明年今日就是你的忌日。"
        },
        {
            "id": 2,
            "content": "{loser}输了，非常不甘心地对{winner}说：我还会再回来的！"
        },
        {
            "id": 3,
            "content": "{winner}赢得了比赛，并对{loser}说：我……我很抱歉，打得不错。"
        }
    ]
}