{
    "prefix": "请问你就是我的 Master 吗？",
    "follower_function": "Servant 管理：\n「捕捉 @沙雕群友」 - 捕捉随从\n「放生 随从名称关键字」 - 放生随从\n「随从列表」 - 查看所有随从\n「随从详情 随从名称关键字」 - 查看随从详细资料",
    "combat_function": "战斗：\n「攻击 @沙雕群友」 - 攻击群友",
    "adventure_function": "日常：\n「探险」- 消耗粮食进行一次探险，获得金币、物品等补给\n「一键探险」- 消耗所有粮食进行最多次数探险",
    "store_function": "物品 & 交易：\n「背包」- 查看自己的物品列表\n「商店」 - 打开商店\n「购买 物品关键字」- 购买物品，后面可跟数字表示买入数量\n「出售 物品关键字」- 出售物品，后面可跟数字表示出售数量",
    "leaderboard_function": "排行榜：\n「随从热度排行」- 随从被共享最多的排行榜\n「随从资质排行」- 随从资质排行\n「战斗力排行」- Master 战斗力排行榜\n「金币排行」- Master 持有金币排行榜"
}