{
    "shop_prefix": "【商店】\n嗬！欢迎光临！本店所有在售商品如下：",
    "shop_suffix": "=====================\n输入 「商店帮助」获取商店使用手册",
    "knapsack_prefix": "背包:\n",
    "backpack_split_line": "=================",
    "backpack_suffix": "通过「探险」可以获得物品、金币、粮食~\n输入「物品帮助」获得物品相关使用手册",
    "store_help_prefix": "【商店帮助手册】\n概述：商店可以进行买卖道具，闲置的道具可以卖给商店换钱，也可以通过商店买入自己的所需物品。\n\n",
    "store_help_main_content": [
        {
            "name": "商店",
            "content": "打开商店，查看当前在出售的物品"
        },
        {
            "name": "购买/卖出 物品关键字",
            "content": "购买一个物品，如「购买屠龙」可以买到 [屠龙宝刀x1]"
        },
        {
            "name": "购买/卖出 物品关键字 N",
            "content": "N 为数字，表示购买的数量。如「购买红茶5」可以买到 [昏睡红茶x5]"
        },
        {
            "name": "物品关键字 多少钱",
            "content": "查询一个物品的价格。如「屠龙宝刀多少钱」"
        }
    ],
    "shop_help_tail": "P.S. 商店并非什么东西都有~ 部分物品只能通过「探险」获得，当然，你可以把非卖品卖给商店换钱"
}